true,Mu√±oz,Av Siempre viva 144,35642185,tiorrico11@gmail.com,1991-01-25T06:30:00,Miguel,3541330188,Jefe de Bomberos,2019-10-20T06:30:00,2019-10-20T17:30:00
true,Sanchez,Av Siempre viva 134,55676585,sanchez@gmail.com,1991-01-25T06:30:00,Francisco,3541344188,Bombero,2019-10-20T06:30:00,2019-10-20T17:30:00
true,Lopez,Av Siempre viva 156,25676585,qasd@gmail.com,1991-01-25T06:30:00,Merlin,3513234532,Bombero,2019-10-20T06:30:00,2019-10-20T17:30:00
true,Carta,Av Siempre viva 234,44676585,carta.me@gmail.com,1991-01-25T06:30:00,Pablo,3540030188,Bombero,2019-10-20T06:30:00,2019-10-20T17:30:00
true,Bizo,Av Siempre viva 1235,18676585,pepebizo@gmail.com,1991-01-25T06:30:00,Jose,3543434438,Bombero,2019-10-20T06:30:00,2019-10-20T17:30:00
true,Garcia,Av Siempre viva 43,24566585,garciamariano@gmail.com,1991-01-25T06:30:00,Mariano,3512345188,Bombero,2019-10-20T06:30:00,2019-10-20T17:30:00
true,Gonzales,Av Siempre viva 531,35789585,tesobra@gmail.com,1991-01-25T06:30:00,Teodoro,3512358345,Bombero,2019-10-20T06:30:00,2019-10-20T17:30:00
true,Gonzales,Av Siempre viva 413,31236585,per1d@gmail.com,1991-01-25T06:30:00,Pedro,3523423488,Bombero,2019-10-20T06:30:00,2019-10-20T17:30:00
true,Perez,Av Siempre viva 896,32456585,dtfsae1234@gmail.com,1991-01-25T06:30:00,Sebastian,3567567588,Bombero,2019-10-20T06:30:00,2019-10-20T17:30:00
true,Martin,Av Siempre viva 96,15676585,matrinmartin@gmail.com,1991-01-25T06:30:00,Martin,3543453438,Bombero,2019-10-20T06:30:00,2019-10-20T17:30:00
false,Diaz,Av Siempre viva 321,43213585,fdiaz@gmail.com,1991-01-25T06:30:00,Fernando,3578978978,Jefe de Bomberos,2019-10-20T06:30:00,2019-10-20T17:30:00
true,Ruiz,Av Siempre viva 512,26558585,ruizroberto@gmail.com,1991-01-25T06:30:00,Roberto,3500000000,Bombero,2019-10-20T06:30:00,2019-10-20T17:30:00
true,Lopez,Av Siempre viva 346,35006585,lopezjuan@gmail.com,1991-01-25T06:30:00,Juan,3523423188,Bombero,2019-10-20T06:30:00,2019-10-20T17:30:00
false,Perez,Av Siempre viva 852,40000085,perez1416@gmail.com,1991-01-25T06:30:00,Jose,3567056790,Bombero,2019-10-20T06:30:00,2019-10-20T17:30:00
